{"cameraMode":{"drawMode":0,"name":"Shaded","section":"Shading Mode"},"sceneLighting":false,"audioPlay":false,"sceneViewState":{"showFog":true,"showMaterialUpdate":false,"showSkybox":true,"showFlares":true,"showImageEffects":true,"showParticleSystems":true},"in2DMode":false,"pivot":{"x":0.17753636837005616,"y":1.185118556022644,"z":-3.370779275894165},"rotation":{"x":0.3247582018375397,"y":0.5636146068572998,"z":-0.2559790015220642,"w":0.7150843143463135},"size":2.6484782695770265,"orthographic":false}